Pet_Photo_ID,Pet_ID,Pet_Photo_URL
201,200,https://dl5zpyw5k3jeb.cloudfront.net/photos/pets/49711619/1/?bust=1604646478&width=1080
202,200,https://dl5zpyw5k3jeb.cloudfront.net/photos/pets/49711619/3/?bust=1604646479&width=1080
203,201,https://dl5zpyw5k3jeb.cloudfront.net/photos/pets/49736969/1/?bust=1604918794&width=1080
204,202,https://dl5zpyw5k3jeb.cloudfront.net/photos/pets/49720984/1/?bust=1604718921&width=1080
205,204,https://dl5zpyw5k3jeb.cloudfront.net/photos/pets/49695801/1/?bust=1605057259&width=1080
206,205,https://dl5zpyw5k3jeb.cloudfront.net/photos/pets/49143068/1/?bust=1600469019&width=560
207,206,https://dl5zpyw5k3jeb.cloudfront.net/photos/pets/39355332/1/?bust=1505171306&width=560
208,218,https://dl5zpyw5k3jeb.cloudfront.net/photos/pets/49523096/1/?bust=1605642894&width=720
209,217,https://dl5zpyw5k3jeb.cloudfront.net/photos/pets/48890810/1/?bust=1605643012&width=720
210,217,https://dl5zpyw5k3jeb.cloudfront.net/photos/pets/48890810/2/?bust=1605642965&width=720
211,215,https://dl5zpyw5k3jeb.cloudfront.net/photos/pets/49795008/1/?bust=1605620164&width=720
212,215,https://dl5zpyw5k3jeb.cloudfront.net/photos/pets/49795008/3/?bust=1605620163&width=720
213,216,https://dl5zpyw5k3jeb.cloudfront.net/photos/pets/49673063/1/?bust=1605116574&width=720
214,213,https://dl5zpyw5k3jeb.cloudfront.net/photos/pets/49683411/1/?bust=1605556614&width=1080
215,213,https://dl5zpyw5k3jeb.cloudfront.net/photos/pets/49683411/2/?bust=1605556615&width=1080
216,208,https://dl5zpyw5k3jeb.cloudfront.net/photos/pets/49523096/1/?bust=1605642894&width=720
217,209,https://dl5zpyw5k3jeb.cloudfront.net/photos/pets/49639322/2/?bust=1604000199&width=720
218,209,https://dl5zpyw5k3jeb.cloudfront.net/photos/pets/49639322/1/?bust=1604000199&width=720
219,210,https://dl5zpyw5k3jeb.cloudfront.net/photos/pets/49739439/1/?bust=1605665311&width=720
220,211,https://dl5zpyw5k3jeb.cloudfront.net/photos/pets/48410308/1/?bust=1605554986&width=720